Actual Yield,Predicted Yield
4129.08,4681.219095772718
3746.5,3802.2605826831555
40500.0,40352.18013119936
4279.61,4262.3734292665795
4403.86,4427.906594637191
44702.4,44247.67025396016
41126.4,41539.35290016603
37680.0,38040.6468247582
43493.4,43276.182817301815
41067.0,41414.35086076477
4185.92,4192.852008562214
37947.0,37438.621218119886
3891.84,4217.055941943863
37876.8,38492.27216923891
40958.4,40516.96491396578
44049.6,43774.05795194802
39884.8,40129.150804510995
42016.0,42251.53350691494
38037.3,38271.579308406705
36436.4,36432.58745124292
41586.0,41306.124034550354
42350.4,42427.57982989871
37608.0,37267.82981468562
44102.5,43370.925849901665
38810.8,38609.63355770582
40371.1,40551.75865262668
4234.16,4247.72698110818
43368.8,43452.57924892064
38201.6,38093.25677356507
40284.0,39778.0141942683
40542.9,40785.91582499036
44415.0,44038.70203174005
44436.0,43530.13961672748
42073.6,42387.83127072222
46045.9,45679.90260270024
42869.4,42060.40337049049
38882.8,39012.4942875198
45036.0,44904.43176071149
41366.9,41320.86175229417
39882.0,40041.17754407539
41096.9,41442.74741594169
40831.5,40762.64063720551
41428.8,41634.47342454566
38661.4,38208.798365176044
44918.9,45214.62355735828
36623.1,36461.67035150763
41610.0,41285.928671294554
38239.5,38107.63222052252
38555.0,38523.88533741852
3763.12,3812.4489885738235
3806.22,3885.886051867637
38988.0,38896.90215362093
39654.6,39250.01263418957
40213.6,39545.86954624991
42303.0,42183.580684393375
42256.5,42501.80206617283
40950.9,40688.58601837898
41101.6,40960.89799701575
36652.0,37170.55255690034
41910.2,42009.21105211293
41279.6,41182.001341649
37960.0,37351.291771311524
40239.1,40168.694232299946
44975.1,44920.95310030841
44154.4,44005.02113131712
41912.0,42001.57684444247
42372.0,42309.06346600494
40845.6,40854.51534194069
43500.6,43385.956121199975
43029.0,42829.33783359071
37742.4,37622.3784376854
37887.0,38300.18571570483
41736.6,42034.33978481469
41391.6,41054.900905415474
39619.8,39251.187907132786
44301.6,44770.78102713759
40887.0,41075.12339389036
39853.8,40020.98689824064
37568.7,37242.2120480478
42634.8,42892.01532166297
3924.8,3979.0389893086735
4316.64,4330.7634648140365
37842.6,37785.18064295743
38086.4,37774.53453864024
43284.9,43296.33279388833
44066.4,44171.77364761351
43467.6,43822.40864811567
40681.2,40667.948497148114
44585.1,44312.83407566034
38417.9,38546.75045195969
42660.0,42912.11406410426
40975.2,40780.34537636168
4023.58,4177.986255181411
37006.2,37043.515814379854
38945.1,39351.864804291974
40128.0,39862.95306567155
36678.8,36747.30126338094
43358.0,43503.71059729627
39484.9,39111.04071499565
40549.6,39447.21396186112
4006.83,4004.3330462649674
39439.4,39550.059618817286
43767.9,43245.26398054132
4070.88,4081.433286268887
40551.5,40482.8121964135
39841.9,39776.80704707412
40511.2,40651.055625034656
37805.6,37562.55430941657
37006.2,36418.82337341416
41487.3,41148.23558174735
4002.88,4037.972291917896
38026.8,37764.53450912531
4324.19,4318.811022506121
4054.59,4058.490605929445
41855.1,42151.46562026384
4264.74,4288.395440673727
40535.0,40082.41904075159
42238.8,42176.34190933311
41995.8,41805.923346733776
4424.56,4329.4223527593795
3978.99,4065.0249916980842
37612.4,37734.22351983729
37202.8,37861.386445433935
4121.46,4130.346715612413
43141.3,42955.45373455288
3957.52,5271.46420784978
36060.2,14951.262291812149
38142.9,37728.80012760756
41806.4,41804.701584409915
43884.0,43299.61758808252
41700.0,41489.08562964241
37727.1,37903.80541097005
38780.0,39042.06598489044
38692.5,38547.9249201666
36985.2,36966.07684935967
39289.6,38896.268718052575
38077.2,38375.129684643194
41596.8,41141.63513540051
37242.0,37000.06322288179
41354.3,41101.99017412277
44164.0,44237.72801708017
41395.2,41592.957092571145
44597.9,43797.63215720406
3841.2,3851.7825378252564
41539.5,41460.502327791735
40888.0,40821.21302012218
40424.8,40343.562021445425
43127.7,42715.482426391645
3860.22,3865.6703819517247
40906.6,41046.60153825212
38612.0,38614.00738183299
41273.6,41676.271154703805
40924.1,40628.841972117436
3987.36,4092.962194357016
40226.5,39530.65129951165
38160.0,37717.93975317091
43913.7,43594.3450811505
41214.8,40999.04304642429
39066.0,39461.40751853583
40500.4,40654.82863092271
41293.0,41256.47798182734
3931.9,3889.130805960704
40678.4,40448.2396301718
3886.74,3838.1433228239284
38652.9,38686.69752258873
41312.4,41107.7267606298
37287.2,37917.354720341595
37154.8,37231.3757948864
37804.0,37821.461188310204
40609.6,40340.311047950025
4090.58,4043.083595746349
38191.0,37639.73436834634
40380.6,40041.35692751934
4087.66,4592.0166151412495
3960.37,3953.921452217977
37074.6,37357.61655938873
35587.2,35695.98974434905
3885.84,3991.1711157084387
37842.8,38189.50892205871
42648.8,42249.03313780963
35540.7,36308.93590496764
38751.8,38369.57066619229
3969.94,4040.7216710203475
42493.5,42024.88187554269
4155.66,4176.136833693581
43663.4,43650.69681600314
40561.4,40198.191373951035
39900.0,40282.82572277714
39654.6,39307.538407081694
38928.1,38579.66753971612
40676.1,40332.73889897162
41738.4,41277.55987880086
41153.2,41018.2573467919
37341.2,37446.52802501253
39192.0,38887.91649249059
38402.8,38529.192126780625
41421.4,40898.36607425162
35112.0,35564.625355035685
4455.88,4375.792049363975
3924.8,4050.417321845954
43830.0,43921.85191368257
41070.0,40551.70008939121
41917.9,41822.67550754707
43440.3,43677.76074231965
40736.5,40875.875825851945
43116.8,42850.047306571665
42534.4,42459.914735319224
36071.1,36148.41985238182
38741.0,38757.425610527884
41448.3,41784.30593689464
38514.0,38980.646028190284
4096.4,14651.302261032995
40105.6,40158.26584047856
42533.1,42512.69958866461
42904.8,42956.44746153608
4097.24,4089.021258635688
38074.2,37855.3732685071
37439.8,37746.21843104553
41527.4,41011.913260658424
39216.0,39371.13424055192
40350.0,40638.46103869098
38192.2,38280.546076753155
36781.6,36068.755094594024
41117.1,40538.31885588844
35945.2,36164.03137899531
37369.8,37724.24337547042
44630.6,44791.715849195396
43306.0,42967.71412694119
42508.8,42376.03656036854
3816.45,4013.2178990496363
41540.0,41521.42911668133
42235.2,42070.174790235214
4400.79,4378.368480911334
39481.8,39110.95773088635
4069.2,4116.129433194492
37536.0,37871.61072588467
39645.5,40323.52422594159
39930.4,40347.19733214759
38191.5,38424.53463496597
3651.68,3768.260656006351
45195.0,45288.61870209706
41468.5,41535.45159400601
40690.0,40301.93263379063
3733.92,3786.016473965256
42930.8,42894.76194443802
3780.15,3876.981156795242
41922.0,41377.22518177493
4116.96,4025.1226351863947
39942.0,40311.095980267615
39890.9,39591.95018320164
42185.0,42129.56671764961
44714.4,44220.92615927369
41484.4,41064.65990922699
39686.5,39540.94963042436
3982.88,3978.706239393673
41677.2,40972.74320862378
37926.0,38367.65752776684
3991.56,8281.150134844986
40377.5,40843.77674359715
42599.1,42218.19125742387
41273.5,41047.15326853297
43706.0,43364.248470565704
39539.0,39549.002172774824
40435.8,40644.316819983265
41807.4,41223.824612831406
40492.8,40181.832554449684
37290.0,37551.99589649243
42395.0,42941.56511354216
36616.0,36789.31422751149
4360.4,5658.580495620389
4260.72,9861.86305934007
43073.8,43190.27890513323
39133.3,39294.60150727284
37561.4,37060.222291686274
39695.0,39808.855971646044
42737.1,42311.31804917295
3732.36,3715.4835307336257
35017.5,35447.163122032165
43714.3,43252.78878244664
38720.5,39204.48420999883
41505.0,41629.48468617302
4284.84,4275.907737510506
39196.8,39411.79011211775
42959.4,42667.21057173197
40166.4,39887.388019928156
40964.0,41036.32960897227
42177.4,41692.008712725925
39366.0,39254.46249260105
38106.6,37901.85449734139
37609.4,37140.62766978619
43588.0,43611.13551680335
42584.4,42955.84328699622
41332.6,41151.12933261289
39406.0,39536.47447390782
39614.4,36729.05288377156
41364.4,41463.19097042742
42922.1,42561.08091453428
38893.0,39399.854648683766
42437.1,42791.73258897834
38887.2,39178.57087267687
3754.1,3772.3600962491537
41821.8,41766.090231157264
4294.79,4176.689702543835
37303.0,37160.40917378068
43960.8,44171.0559994836
41664.0,41599.95010599503
4102.56,4133.15441229531
36538.3,36192.833513073885
37993.2,34118.937831012394
40402.8,40394.82272059934
38741.6,38220.69704800523
38704.0,38660.7859483213
39565.5,39859.04135759862
3800.16,3752.3803269050222
38747.7,38594.07289972151
4011.0,3963.430051015558
42241.1,42073.800284436584
38410.0,38575.45239515343
3736.26,3771.9738488602306
41655.6,41304.33187345121
38671.1,38717.11799799911
42037.9,41919.55833160714
41209.6,41256.67738828817
41742.0,42452.00206442573
41573.5,41682.81195879928
38739.6,38984.7401237894
40337.4,40696.821883641955
42089.6,42018.448038220115
37200.0,37768.20881216838
38828.4,39207.97706187613
43860.6,43586.739262121475
38910.4,38772.91620736434
37097.5,37271.07245388787
4034.55,7368.164634360548
3992.94,4004.6471910403025
39686.4,39803.00111273246
36865.0,37082.42597635517
42398.7,42158.16195270606
39228.0,40231.95411631068
42896.7,42651.78052326675
37814.8,37635.45845468461
41251.2,41606.122179259524
42900.0,42454.90369705584
39667.8,39677.77419901564
40201.9,39910.76758583177
4190.67,4180.938545702562
39360.0,39832.09557406244
41498.1,41830.77127280812
41392.1,41249.4873775114
38158.2,38139.6610898393
38632.5,39104.70197691222
39294.7,39255.328630609736
4233.84,4163.416178926673
4283.04,4221.113386921636
41736.6,41814.819999715284
42021.7,42320.01073520231
37019.5,37006.1989727487
4059.0,4059.60165984523
45021.2,44466.62611704418
4109.4,4125.743104388084
41356.8,41654.59356673246
42241.5,42094.567296060486
39398.4,39156.14929429067
43705.2,43257.17473266592
3877.86,3980.4311367843798
4040.75,4034.5564723770235
40779.2,40497.79701073013
37415.6,37488.50332157079
38902.5,39184.40910044922
40791.6,41154.05654675456
38624.0,37969.52399838528
42200.0,41867.69920997019
37791.0,38319.422188008204
36414.4,36793.58160744099
40378.2,40346.04511507429
39688.0,39359.26379245585
40773.6,40396.41396762758
40872.0,40849.37536097759
41540.0,41461.47655678394
43243.2,43315.21338953286
4567.9,4469.681806068287
40442.0,40461.254266009215
43541.8,43332.90581752072
3986.73,3985.391718455332
45845.1,45696.36761540199
43032.0,43185.241233094544
4441.82,4388.660885464459
40834.5,41007.03835828463
43250.9,43181.318968896376
3968.62,4957.689198275782
39213.8,39800.39769788534
43517.4,43444.37814280654
41593.5,41253.738949733546
39637.8,39214.00889584754
44579.8,44359.6636320477
4065.93,4021.6685231173815
43650.6,43257.790695993055
38067.9,37817.062933317386
4411.5,4337.333667796704
36027.2,36082.29246060885
38016.0,37772.27153518369
40986.0,40484.84565533047
39452.6,39719.4570296854
37762.7,37672.34358325315
38380.0,38666.17061341931
3807.03,3781.1245263041787
37714.9,37972.293308147884
41778.0,41870.64637646569
3908.04,3958.5001509538597
38458.2,39294.99630839545
39494.4,39338.89133506846
35877.6,35804.58996236121
42249.2,41784.23003195003
43103.6,43551.18824234969
43060.5,43062.456934189635
36633.6,36485.34362725217
41735.8,30321.138693081924
40880.4,40824.89547034063
39050.0,39138.85700097077
40802.7,40279.11230534087
42948.6,43156.837596256075
4060.03,4046.5373682575632
3922.83,4022.57585359783
41855.1,41889.34644667981
43486.0,42761.458555357116
38567.1,38511.6919529025
38614.4,38545.19218407364
40459.5,40310.056718925036
42365.0,42220.63952036505
40426.0,40915.72606410164
42419.4,42223.950399334666
40230.0,40220.5996678153
42604.1,42596.88385857724
37600.2,38228.07103130389
40223.4,40080.04629933813
41148.8,40513.1350043665
41593.6,41694.95050068932
37306.8,37521.33184138556
39380.0,39007.70878551839
41521.1,41542.83026205649
41541.0,41591.02875746921
38563.0,38571.07599919754
41186.6,41030.336960118
39208.0,39386.09472998994
3787.84,3718.2154981438753
44868.8,44444.30408853306
42090.4,35183.60766549578
37211.8,37241.99329615903
40887.0,40681.468685618536
38553.3,38834.781341016904
39184.8,39370.65494812698
39202.6,39663.4672948312
38718.0,39468.36621361995
4366.8,4248.846643241305
41622.3,41166.02684195105
37499.9,37809.9500004623
42478.3,42249.003958682835
34671.0,35215.387143740736
40537.0,40430.91542052675
40951.6,41184.273552701874
37648.8,37640.92337030545
40339.0,40615.79102209662
42640.5,42836.29122023063
40598.3,40729.39540462145
4057.73,4027.4258238285943
41200.2,41407.47018260422
39649.0,39842.95295702001
38298.0,38886.796868027464
37834.5,37739.29350032161
35582.4,35647.34685288876
39852.0,25131.423361464083
4126.24,4055.91649088684
3879.81,3884.5164018941964
40582.1,40746.14746389255
40914.6,41161.046087426505
41536.3,41662.725139959606
44537.7,44252.71620313903
43822.8,43560.837888727445
40358.4,40042.26426889312
41277.6,41387.33792467684
43220.0,43398.32388290394
38041.0,38267.17523584572
42660.3,43025.600384437166
42617.3,15996.798799317066
40787.6,40924.48440167862
40048.0,40521.4277480601
42525.6,42639.48017429645
39905.8,40016.4502945249
3951.5,3953.866012840577
42163.2,41803.28516983154
42365.7,41729.0323896065
42675.0,42508.79786090461
3872.32,3825.4181773058735
40233.9,40024.498094746355
40362.9,40602.640571626245
39593.0,40138.378811620336
40664.0,41312.70042107538
42038.4,41496.43014216843
36973.8,37025.77956490213
3948.78,4022.541219264942
4420.0,4300.244874895051
41315.4,41672.54784126201
39796.9,40034.40116001796
36852.4,36915.59961223998
34140.0,35131.68554102134
42853.6,42502.8696919552
39762.9,39710.436898012085
3988.96,3978.4977889385045
43793.2,43453.94889487656
3984.54,3982.241115708649
37093.6,37347.71473612199
44791.2,44628.475995745
40692.1,40758.35353485061
3972.51,3991.5873381865877
3866.72,3873.0765862487706
36593.0,36742.027227368446
37405.2,37205.04711522418
38706.3,38953.29294815682
40934.4,40517.43762135712
3804.57,3880.8721317477944
40603.2,40848.34631896401
38440.0,38263.37453050926
43014.9,42745.79247874851
40754.1,41346.78461678621
3776.64,3988.0560915301894
4086.0,4068.06563495109
38976.0,39245.4754861342
4329.22,4262.855879853653
39677.8,38943.89411336871
4144.8,4201.384446758443
43332.1,43267.88030281178
41171.0,41860.494075323564
41702.7,42020.12625907982
41456.2,41252.385877710796
39347.0,39296.30242461791
40830.0,40016.61954876338
3708.06,3702.289486252885
38740.0,38812.30153940183
42598.4,42095.4395375034
4167.24,4148.668906384913
38744.8,38745.86526939194
41858.4,42266.53095717965
42882.8,42672.397373692176
40239.2,40509.79184781563
40326.0,40560.35576536072
42528.0,41948.47386524059
39945.6,39526.27784135838
37335.9,37757.81724127965
40218.9,40118.62181052535
40346.6,39864.198919916205
38198.4,38574.10144421063
35428.8,35552.30557096689
41223.6,41503.29246488533
38124.9,38174.81148262769
40698.0,40209.88183192238
42651.0,42351.46833469406
35329.8,35598.689842631706
39564.8,39411.499577246585
44649.0,44713.572603421235
4551.12,4503.8118921324185
43737.6,44058.19919675104
41349.6,41089.76707133363
36685.5,37053.13207025627
39879.0,39537.247893924534
3946.87,3939.8702337290224
40359.0,40557.3457272024
37862.4,38529.79725880818
43814.0,44168.244488460325
38990.5,38895.35990145321
43584.0,43009.51765854326
42500.0,43002.6143638433
40377.6,40438.09096980714
36696.6,36794.43256290654
44651.2,44474.2139831634
40729.6,40851.959464858686
41289.2,41461.29194499118
38110.8,38227.66701293356
40922.2,41373.96825074927
43309.6,42598.40954168936
4268.8,4260.272532061321
38808.6,38677.72745329488
39923.0,39980.813806940256
43365.0,43374.62495192597
43002.2,43607.17954135146
43586.4,43677.122090126744
4006.4,4042.463140852901
41022.0,41102.51258309564
40176.0,40037.553721237105
37269.0,36963.81005731845
4290.24,4256.727487442658
40123.2,40364.95445260082
39242.4,39235.65052770112
43604.3,43089.993159001366
39782.4,39726.121208781886
39483.4,39102.823460122454
38433.4,38638.31049503414
40488.0,41129.99525352005
38018.4,38092.35510325775
39450.0,39406.77903362007
4183.0,4185.364239947773
4168.29,4216.297553800547
42408.0,42297.428505337266
37843.7,37680.71357851814
43255.2,43000.94663471851
38228.4,38897.80245884729
37886.7,38336.28349441893
42493.5,42101.528789193195
41643.3,41623.31359322786
42390.0,42517.90171581251
42098.0,41948.18928712291
40877.0,24171.034798929217
41812.2,41193.4837863936
40954.2,41112.632910382825
41290.2,29210.59664906223
35640.8,35644.47946491617
37464.7,37468.781365189854
41684.0,41850.663968268585
40700.0,38949.29442670114
4128.96,4112.052628313889
4386.27,4360.370502523842
39357.6,39264.61473662647
4346.16,4332.975127062702
39852.3,39888.35856859497
41652.0,41112.25819463484
4111.6,9454.292097392574
43608.0,43844.89022153425
39270.0,39879.672107577244
36379.2,36453.715211277355
4351.1,4240.920215556804
40797.4,40778.17106745085
42787.8,42543.409714965965
40614.4,40648.786801515525
41269.8,41183.29770714354
37620.0,37612.18274541371
44030.0,43542.221479065796
4566.24,4499.00190134514
41877.5,41863.23346401207
38478.8,38330.778944329424
37684.3,38009.243156437005
37033.0,37298.02094725369
3653.64,3708.707977774205
42054.0,42107.33002848458
42363.6,27789.59605017361
36211.0,36552.19884541461
37749.6,37965.461916320695
4134.65,4093.175073815737
39209.4,38868.197123493934
45315.9,44780.332338262546
4322.4,4290.331111289451
43107.2,42792.83108166678
41028.0,41132.68675960941
43012.2,42909.90197072773
38029.5,38457.219443533206
41440.8,41558.56723879083
4420.85,4470.8165759940375
41156.2,41384.07529944164
42736.0,42567.164091452796
38635.2,39198.568338062745
36378.0,36708.68124502501
42056.7,41861.03635498803
43381.8,43197.02289249999
39686.5,39956.43542282586
4027.13,3961.3206629284214
41247.6,41744.204981989475
41618.9,41024.74028412844
36129.6,36551.34164415126
38052.0,38188.467719598775
35874.5,36668.198432625024
39873.6,39609.70398347826
3913.38,3900.831228524188
40880.0,40514.67105643618
37206.0,36796.791194213154
3915.8,3969.2676907723903
38709.2,37787.97502658726
41808.9,29932.781312935196
3904.31,3878.9572690086547
4366.08,4407.286150104205
3970.8,3932.313767989856
38718.0,39598.050938358814
39699.0,39693.85173282449
39039.8,38775.229026969275
42799.9,42849.762768306326
41849.7,41922.89190871001
41371.8,41376.63576423056
36306.9,36520.02946699245
40719.0,41222.24675752944
38028.6,38221.4739519525
41781.6,41952.85651445317
40778.5,40552.18239528329
38984.0,38818.04483086292
4192.54,4231.673020274022
40072.4,40095.06872317866
3921.9,3940.586682881291
42334.0,42276.6964689567
38433.5,38471.79424414402
4177.44,4225.846085342652
4263.0,4269.133546531524
40776.0,40776.3238648935
42168.1,41998.917339173386
4091.25,4127.288818095753
42277.8,43025.79558198058
4077.9,3990.239502399695
44520.0,44445.70046711173
41778.0,42397.80148185202
37278.7,37130.96589424095
42024.0,42663.059318037944
4128.48,4344.378477671336
39396.7,39128.60953764105
4290.19,4272.574063458175
38697.6,39201.54655716437
37806.6,37691.42947759655
38419.1,38631.1264540491
37655.1,37742.61514544447
34584.0,35225.54179603406
41772.8,41997.32408209905
40335.9,39967.138766210635
41888.0,41941.5600998853
39581.4,39278.00525466984
43470.0,43266.79417649813
41715.0,41754.762161430765
42697.2,42389.6255044448
3632.0,3661.2378779218066
41374.8,41374.68646849796
4029.34,4081.6426952002803
3886.78,3903.318190378271
4110.6,4084.907515217863
39895.8,39831.60641852101
38292.8,38491.47373693586
42876.9,42255.57222630541
36236.1,36534.57366302287
40530.6,40776.281222415135
4194.0,4133.701735343821
39684.8,40155.89295067149
42299.1,42612.81366628093
40183.5,39766.83644721221
40629.8,40184.431815908356
3774.37,17197.1970095276
4304.3,4321.155066844347
4388.36,4303.760375192988
39182.4,38959.45022649343
40555.2,40446.10699083847
41079.5,41329.12653441133
41724.0,41845.2759431312
37705.8,38146.36487173344
41952.6,42209.298973939025
38322.3,37911.52489949442
39479.2,39835.573963648996
39204.0,39194.28179992185
39302.2,39659.8511017955
38913.7,39601.1517098782
42362.4,42021.99680941983
40274.7,40125.53646641139
44982.0,43472.46747304853
39907.6,40088.51787508101
4290.4,4280.731860404874
40188.3,40012.38729800286
37124.1,37745.346005090185
4544.4,4570.590120645353
37888.2,37769.94458829183
4178.16,4131.277121158327
41710.0,41955.3569965817
38836.8,38445.750148936066
41455.7,41492.26840475871
44233.8,43485.16786746889
37857.9,38231.19505312471
4054.68,4098.230387332671
3587.77,3649.614516203891
44707.3,44243.92263519748
40135.2,39991.542241258634
40996.8,40818.00575766587
40436.4,40476.75810254835
42786.6,42546.05115238097
44206.2,44082.56176103177
44568.4,44439.214151143366
41093.6,41015.501526529624
37401.3,37226.46166873214
38642.8,38270.34939707412
39781.7,40234.748399984026
41602.5,41789.14256717694
40340.0,40378.1732363587
40866.0,40980.1056074371
3856.02,3847.5163904701276
40997.5,41305.84586490219
40662.4,40837.34171286178
42834.6,42473.67041856938
43124.4,43404.625350685135
38912.0,39082.71466350091
3919.68,3863.0953780617006
43366.8,43112.70174996758
3874.5,3855.33222276374
36797.0,36402.21374277529
39484.8,39651.35764254189
39593.0,39724.178729249106
3987.86,6574.701479310919
44086.4,44080.56953248795
39680.0,39733.98428699806
38588.6,39123.9937062615
35884.8,35928.382966565056
40014.0,40346.253812143936
38844.0,39030.79890422265
45064.0,45279.45808786626
3851.28,3992.535058351901
42986.7,43137.492467148186
36052.8,35871.81665894272
41417.8,41597.793885844614
41646.6,41038.99689612589
41896.8,41751.37496672484
4059.36,4388.840832192515
43403.8,43411.81982067192
38796.0,38769.34010833885
36939.7,37090.983566698815
38924.9,39251.7182890478
4092.77,4123.098226724793
3747.75,3727.2838327492495
38414.6,38394.269510526814
38898.8,38524.78291440657
38544.0,38476.819175598546
41841.6,42036.13769970182
44010.0,44187.93648539414
4166.76,4093.1825007201887
42681.8,42861.33073251646
45407.8,44940.789584783815
38137.5,38405.82953169911
3900.25,3926.09999748735
4337.57,4306.581129447424
45190.2,45141.45802352877
40716.0,40831.812093948494
39587.6,39078.286649679634
38686.0,39328.72629234744
39664.0,39803.541119514746
40786.2,28924.516376839918
44408.0,44807.40352540703
4278.3,4237.46848175595
41499.8,41457.70258573775
42224.4,42107.85268628294
42150.9,42809.70585043845
41470.0,41582.292021918816
42350.0,41939.63658848131
38297.4,38114.8897748273
4216.48,4228.650317207039
36621.0,36718.01862008122
41767.0,41598.49189286616
42200.9,41915.98044319394
37940.7,38362.24783119083
41340.2,41011.414202782944
42827.2,42673.63887229982
41939.7,41970.95338558992
39513.2,39684.22828977919
36185.6,36524.337403831036
39147.3,39159.418894434886
34866.9,35296.57271893681
39682.9,39793.17543486065
38883.8,39006.777043309296
40516.8,40852.54384564776
38804.8,38559.850393000335
42827.2,42883.834570473155
40251.6,40249.760194080925
38586.0,38165.384327045795
38966.4,39307.41109818501
43099.2,42573.892365157466
42436.8,42771.335279757484
41691.9,41089.1702766136
42577.8,42179.3037305568
40800.0,40776.009264035165
38106.3,38329.11720128669
38563.0,38448.1202691419
40437.6,40026.69869529312
43160.0,42907.069401870955
38631.9,38493.61651062944
3979.8,3966.774539301419
43125.0,42541.321977226595
3995.7,15506.358587611234
39900.0,39935.41242617718
40310.0,40283.068921826525
41479.2,41014.22607242783
38509.1,38352.47535978655
40488.0,40552.26782752593
43276.8,43203.497511467496
42184.8,41522.185787035014
4088.92,4127.192346825361
38867.7,38999.35143200692
42652.5,42343.74780710992
40015.8,40509.71060701831
40940.5,40879.3128378635
42606.4,42275.4687061602
4034.1,3992.1825131743904
39487.5,39886.1429446518
39543.0,39161.903895669006
3869.8,3852.2080135926994
40211.4,41199.327522055464
34740.0,35932.96396971771
41637.5,41265.207766574524
42835.5,42827.18043471375
45365.4,44803.97404567901
39046.8,39158.69315260329
43848.0,43894.120739267404
41014.4,41079.42435254192
42957.0,43272.28201351279
4262.22,4182.730131433005
42124.8,42405.77286636678
37642.0,37037.30526631332
38144.9,37773.89445154872
39871.0,39934.18017079858
39686.8,39419.003014012786
38276.2,38572.4176532659
3998.36,17722.217837382424
41580.0,41884.63046723873
41084.4,41084.91610974441
39593.7,32904.37507231121
40754.7,40887.00801720655
37441.8,37427.81171941399
41368.5,41586.27922093124
3758.3,3700.563412310235
41313.6,40846.6580600592
38415.0,38592.92341634172
40044.0,40230.993160481754
42557.1,15594.468864257857
36186.0,36204.226180893646
40782.0,40768.06079469204
40177.8,40773.760220951466
38115.6,37831.34421370966
41745.9,41801.7197038138
40831.4,40257.480066233584
41430.9,41314.91153852092
4281.16,4297.063288513064
3901.8,3956.7250383088917
38163.8,38150.52569715139
39337.1,39139.38312075789
42727.5,42568.12391765638
37976.4,37939.58288151594
42112.5,41723.37400576308
38515.8,38928.549900403785
44311.8,44323.97716760553
40483.8,40465.060549387206
45035.2,44304.42818832062
40716.5,41068.88500192236
42700.0,42642.25368213547
39400.9,39240.535928990306
3869.6,3874.963759454079
36314.0,36644.9244556696
40594.4,41037.89020896467
42350.6,42547.321202182655
40215.3,40064.0754178507
42465.6,42443.39094942806
4228.32,4112.7191967201325
38750.4,38413.80382932269
37359.6,37657.14571219243
40012.8,40435.05694455982
39544.6,39585.00675355453
37036.8,37208.710577206504
37788.8,37946.10288501072
3655.65,3698.1426972502786
40036.2,39927.59424894347
39722.4,39479.39508218933
44571.0,44241.41700070341
42845.0,42940.859712955564
4240.28,4203.572942271302
39782.4,39777.62803388548
40397.1,39754.506393604
37072.0,37200.020461343294
41488.0,41665.957448252244
37240.5,37988.093143917686
41183.1,40711.58529854181
39519.9,39690.11895521591
42514.5,41887.01391876671
39550.8,39524.28715927506
39611.6,39738.104444972305
40396.5,40255.177775682765
43089.2,36638.78407470668
4180.35,4172.350261342132
39352.8,39267.616356945044
3796.45,4010.602997484271
40365.0,40101.91557595785
37798.9,38454.8596969887
37275.0,37078.2020264842
40122.1,40113.42737614274
39010.8,39277.827065280864
40018.0,40164.27761862171
41202.0,41874.01039038389
40036.5,40387.17674040534
38873.2,39206.735958345154
40371.6,40566.66465316474
42386.4,42174.80415398355
37221.5,36809.66959927944
39966.3,39643.07595055856
4232.06,4254.683609225682
41515.1,41372.20175264182
44700.6,44362.241264000804
38051.8,38125.43440467479
39293.4,39693.31077685745
36567.6,36736.717643075885
38976.0,38971.94311028671
4259.6,4201.727859399044
41391.0,41760.08548865176
42438.0,42130.57040608939
37359.2,37887.804719171974
41644.0,41460.05456510356
41943.0,41845.366403918844
39200.9,39099.43011157306
38976.2,39430.98479176785
4006.92,4074.922708085229
43977.6,43745.507668730505
41310.7,41130.59165148202
4255.0,6379.519713362954
3664.98,3681.978053562312
4123.84,4125.513989446119
41749.5,42043.39730386949
4122.5,4136.166234344269
3948.08,3975.1194687743905
37593.6,37596.99251018532
42978.0,42715.44429875037
3939.0,3946.3597228029985
41939.9,41822.60937981756
42610.0,42426.61126164897
41943.0,41953.33304289193
38923.5,38914.90401559307
42116.7,41800.272250322836
38637.7,38701.51807527319
42786.5,42228.08956267618
39905.1,39562.659125234575
40120.0,40487.09989674262
39015.0,38791.02789346128
42431.5,42194.49184029768
39810.6,40369.641077313616
39380.0,39698.669531374166
43491.0,43822.60029900467
36942.1,37086.44468737221
38016.0,38369.74568624996
43509.5,43264.73583465708
4188.18,4130.762674023815
4209.49,4200.083053354255
3737.24,3863.8241796014845
42858.4,42767.55937874671
41162.5,40565.60283891802
42295.5,42884.749108605996
38651.4,38692.501214013486
42176.0,42059.52066753032
41454.0,41167.142137340605
41384.7,41390.304282003926
37493.5,37877.705450066176
41660.1,41278.42181469596
41514.0,41887.887945188144
39461.8,39751.98623939617
38015.2,37960.577182197
36474.6,36666.685360031144
40205.8,40176.52333608363
36824.4,37081.12661460075
43390.6,43390.36845581659
38335.0,38331.84795669837
44793.9,44966.14104130393
42120.9,41542.19577278184
40929.9,41054.76683772698
4238.19,4218.067605273223
36869.1,36533.024445628056
42970.0,42662.272911666834
44679.6,44530.773601178065
41449.5,41038.73377142644
40456.6,40504.67288359058
40814.8,40609.46309510343
43892.5,43666.96379120357
4187.4,4250.48130319208
39840.0,39508.4512631928
40045.2,40227.273702843384
42938.7,42582.781458268444
39228.0,39332.99201458716
40704.0,40402.72724191265
42557.4,42295.92424507893
43137.6,42642.62601174974
43501.5,43468.250917758574
38690.4,39035.99579131689
36946.0,36488.30791781007
37385.4,11213.999624612545
40216.5,40336.607843228485
41520.0,41780.193388751264
38653.8,39164.96846246299
38875.2,38697.096120625305
43200.6,43159.374019625684
43501.4,43262.1751286678
4190.21,4102.448892937239
36531.7,37302.20018096094
39565.4,39652.34394390401
37512.4,37334.22102107944
38889.2,39179.560789445175
39421.2,40128.90411310759
43171.5,42940.52613992358
43122.4,42616.944687565185
39766.2,39928.508109091716
38454.0,38794.007389139675
38480.7,38618.84269009695
4081.8,4019.71327862825
39955.5,40453.812090035906
39812.8,40319.76134318101
43996.0,44288.00211602951
43604.0,43565.371345285246
40535.0,40642.055748987186
4083.82,4077.781881653335
37068.0,36212.81451652448
41950.4,41939.312434262036
41179.2,40940.82421285296
40644.5,40729.441908969355
39592.0,40310.903117288486
42332.0,41889.11327422714
42560.0,42324.10102200426
39676.0,39548.61177692351
40500.8,40551.28235566549
41934.0,41883.54109838092
43416.1,43510.6526100528
40412.4,16381.144361630191
4206.72,4224.507306435693
41796.0,41643.348450930156
38959.2,39583.40130434098
43788.6,43555.3140177191
38249.4,38906.82238509202
4082.94,4064.5196486444274
43146.0,43175.11497533287
4317.95,4249.036309315424
39405.2,39569.45043268766
3896.1,3785.7006093685827
39624.0,39163.533281070675
37835.8,37864.949310513206
4023.75,6960.462053028465
38184.8,38425.2584597042
38267.7,38409.36001871391
41546.7,42110.49841332741
38797.2,39019.574149136526
41268.0,41663.24330316932
43313.6,43695.55526183934
40699.7,41029.09301463005
38841.6,38795.797812622426
40673.6,41102.885945
43699.5,43626.50438119457
40337.8,40507.014745719374
38240.4,38530.90291883954
42512.8,43059.318384479295
40334.8,40747.73243728963
4253.04,4232.327967367587
42501.2,27106.58194851731
39103.7,39137.75975604936
3894.28,3896.3249985530097
3741.6,3791.47210819194
42010.7,41554.63360548283
41869.2,41608.39080022423
38229.8,38122.99419241625
41421.6,41650.687666134254
40996.4,41155.75057892745
41531.0,41459.31421372848
42047.1,41674.9729756879
43047.6,43410.53982634663
40362.7,40224.41164606671
42278.6,42566.15421327511
34927.6,35353.1802209195
43344.0,43327.03199061299
43798.8,43338.05002311788
37884.4,37736.83500078551
40486.5,41106.08416356201
4211.24,4155.632314503154
39200.0,39634.402010387734
3806.6,3857.115110580068
4047.84,4001.2675200597064
42055.2,41871.51286050675
38927.2,38967.48384249621
38685.8,38738.89949121608
42224.4,42259.6730679834
41839.6,41915.33723269541
4202.55,4166.665788091958
39285.0,39776.501738979176
43040.0,42663.645082704024
42166.9,41971.5605425234
41962.5,41549.53557130451
41401.8,40766.745843605306
36400.0,37132.32438416201
37604.1,37864.41923668843
4020.86,3946.799144098882
40118.4,40338.12022585883
41772.4,42417.72867199259
40388.2,40364.91577874011
40376.0,40820.55459122389
37868.8,38080.449262666196
40352.6,40015.70368516415
39675.0,39661.3318357879
42928.4,42711.482908547914
3724.28,3744.715251225185
39599.7,40036.106250870274
41176.8,40731.035015108544
41345.7,41370.89806159249
41944.0,42034.88541260781
41254.4,40812.74935827719
39337.2,38923.82681093095
38239.6,38277.6655679853
40982.0,41363.61330365015
3678.21,3771.2026892108665
40709.2,40559.796562837015
42039.9,41553.80683380482
40157.1,39368.565640722016
36556.0,36698.97646990423
4325.5,5238.850625727551
41921.6,42240.22976623469
39248.6,39355.831231091266
40268.8,40025.92100668506
44285.4,43543.594121582966
40548.4,40703.093049828785
38361.6,38396.98070970316
38957.6,38760.42258787939
3722.8,3761.357374924773
3934.72,3979.898934091092
43748.5,43759.95334130346
3630.96,3710.925521510551
4077.69,4134.351936516133
38094.3,38750.65011096998
4443.6,4324.2073799330265
36427.8,36014.75649694155
4108.26,4082.244822167036
39309.3,39490.98014485183
42136.6,42102.19356299799
41978.0,41643.407548885785
40369.6,40118.358371515686
42820.8,42572.37037599415
42533.1,42149.468636949154
4542.8,6450.970536804768
40680.0,40313.05298631805
41169.8,40860.33385921076
42939.0,42418.67328292333
3923.04,4036.9054935802596
41331.0,40798.22347970978
38376.0,38504.76734173178
39369.4,39192.24439462088
42788.8,42458.48709846919
42713.6,42876.56194121528
41252.8,41506.54047752985
3784.2,3850.474923979513
41424.0,41601.68013401876
4158.54,4197.724158517997
4234.62,5152.373567479848
40927.5,40948.75026592293
4275.72,4223.6184872096255
4295.7,4273.445946867565
41100.8,40734.34706322415
39770.6,40195.49669324815
38287.6,38386.046879837755
4233.45,4177.873840127188
40158.0,40223.105465680295
35834.5,35748.11669658762
4192.63,4233.499607731604
41484.6,41405.22181296209
42290.4,41771.2060444671
36798.2,36450.02412788365
37336.2,37621.216885656446
40220.9,40335.49071423377
38591.7,39147.67372941359
39120.0,39039.12309109314
40320.6,40477.71444556746
38792.6,38755.583716286164
39734.8,39540.83796967759
41710.0,41489.52277452564
41244.6,40547.13930132179
42425.1,42056.69502665199
42046.8,42022.87892642911
39419.7,39194.72364843862
4011.7,3937.017490262772
40914.4,41572.64470847275
45046.4,44668.90308540028
43918.0,43600.73421536203
42132.7,41942.91426564135
37299.2,37055.874831600755
39015.9,39001.08936702145
39500.0,39367.90721552748
39339.5,39451.06853291404
38948.0,39077.67768318473
39196.4,39340.91049765245
37803.5,37689.97342671253
38125.0,38087.27569375595
42735.0,42967.60536428261
41864.4,41496.9798707421
39376.0,39484.17972734585
39418.8,39588.96737164788
4051.13,4583.558287225551
40599.0,40746.81134956107
3937.17,4033.988636777062
3823.3,3818.4347115790665
40704.3,40246.34755047791
42442.2,42441.90395325327
41612.0,41388.2817071859
4274.55,4181.0285158824645
38154.3,38566.007150016514
41574.9,41340.062509914125
44682.5,44330.43383809022
38749.8,38351.66672914751
40814.4,40742.04076978321
42094.8,42208.135203715814
42058.2,42476.405601131264
40616.4,41167.95193990032
37930.8,38089.83538862827
4383.0,4373.421783997208
4362.93,8079.502116637697
41769.0,41804.4416334642
38677.2,38397.02518127772
40970.5,41220.651010921036
39704.0,40062.21108159735
39601.1,39140.37916198487
37376.8,37739.651933975925
41187.6,41295.18510190955
39428.9,39100.70136141538
4087.16,4128.212818229024
43113.6,43243.78520271921
35772.0,35794.94043487927
40617.8,40000.991028718985
41674.5,41328.96531165214
39003.4,38858.44980029641
43024.8,43460.45854930814
41797.0,41133.68075394516
41917.9,41282.252373750634
40819.9,29481.247179884464
42804.4,42643.26148427593
37859.4,37814.966811220394
40684.4,40473.302350315964
38773.7,38900.40231605881
39325.0,39673.20122643858
41444.0,40984.40375362123
39487.8,39565.1353043562
35675.4,36246.541340130505
40626.2,40487.187261244064
42735.3,43000.26088114237
41242.0,40734.66626142795
36768.0,36809.666805958106
42650.3,42557.97415530479
39738.0,39388.50416016261
42595.2,42863.60393284252
4101.57,4024.754216941641
43221.2,43454.84198770421
3968.16,3952.090306303151
39459.6,39481.11700092205
4229.94,4312.442567628477
4097.45,4078.033133550041
4071.3,4043.533086116716
41365.6,41190.048733959135
3979.8,3968.454260938839
45694.0,45032.08228916326
37743.0,37918.48735544639
38471.4,38406.433551805625
40737.9,41219.14497063911
4332.16,4329.0248289126885
41825.1,41887.81696994334
40673.6,40667.030370909015
38382.9,38238.303190703446
43354.2,43392.434820241
39212.4,39384.820054521566
41360.0,41631.685063269855
40963.8,40582.54613249558
38239.5,38392.98505317946
44481.5,44668.65742457157
41124.0,41250.84057860979
37277.1,37253.917060585
38652.9,5698.608567875664
36587.6,36631.696564727165
3891.66,14241.913514769272
43206.8,42878.421738869576
39314.8,39089.068692435794
40847.3,40736.84776589548
39184.8,39445.0206937487
37651.2,37678.87679147252
42768.7,42623.52975069137
41937.5,42415.09043430628
3647.49,3697.464572467176
41441.9,41102.37411239144
3952.76,8299.858913184698
42168.0,42416.322730921784
42688.8,42736.88343522649
41019.2,41452.05892178011
39961.0,39932.98703312197
43560.0,43783.54899185644
37771.2,37751.619755401945
41283.2,40826.8403912818
41405.6,41968.94981193056
38284.8,38061.885153087576
3722.24,3755.3099775519736
41068.8,40654.05076785436
39762.0,39555.59083898786
41146.6,41885.473704960794
4461.34,4391.419543464168
37948.0,33901.55854453009
3845.25,3894.986185860862
37332.0,38085.81694560684
41554.0,41353.682081329905
43099.5,42465.42533542078
40286.4,40318.066176825436
3936.02,3957.805351016166
39881.8,39946.30629198099
39240.3,39365.32149479038
42341.1,42390.24575395499
41564.4,41756.739633563506
43524.0,43337.039959850365
40538.4,40560.916339410134
38654.0,38188.08771913488
36184.5,36464.874114220256
40155.4,28160.796978037568
37485.0,37618.995939160435
39355.8,39157.13619505773
4284.48,4348.321067190587
41405.0,41707.99282691221
3908.62,3911.6217250438913
42812.0,42750.70403280504
43571.4,43535.140821236106
41932.8,41967.107148573654
41536.3,41188.941836202
40960.2,41039.41756715741
43232.0,43241.986653373286
3888.0,4216.822373376042
3753.75,3818.9209676378227
40340.3,40635.472691025265
44179.2,43409.91159509385
38929.8,38700.6723629167
4045.44,4268.592544787287
36342.8,36526.548783772
39360.0,38814.11661029922
38879.0,39548.110354932476
39215.0,39839.33320532066
43031.6,42538.35801330897
35955.0,36470.667136875905
41340.6,41255.80196164742
38646.4,38876.51234714284
37051.0,36852.0444584117
44769.1,44785.958255794016
40423.8,40497.600773414255
45343.5,44580.61279913743
41076.0,40689.01637832374
43176.6,43102.049416865084
40145.0,40070.28167558798
41448.0,41649.70510399632
39735.0,39614.43510444419
43445.4,43767.16061519781
3834.0,3920.9277311254277
39359.9,39556.072949756715
3845.82,3801.267891434061
42426.0,42590.835229628516
40494.0,40254.22721211869
43833.0,44293.91334441586
42804.0,42659.13130959874
42113.9,42080.51357579038
40370.1,40649.77609046452
43377.6,42686.06917631048
39305.8,39458.30569005348
45718.2,45292.96922165393
42431.4,42037.9711421479
38986.5,39624.61240092794
41679.4,41594.05265355063
4246.09,4178.476310359163
42492.6,42096.238430421196
40467.4,40367.5788216082
40349.5,40624.73825599151
37073.4,36333.394517299086
44503.0,44820.18137784442
37417.8,37345.96007465369
43767.1,43685.66951142022
43810.0,43527.46273447438
39121.6,39265.28065203022
40089.2,39879.95470407827
39435.3,39720.84370326875
44740.4,44149.257792860924
36956.4,20096.908179108585
38542.5,39250.98373983523
4020.8,13032.236450720266
4284.0,4292.419935972403
45062.4,44727.448346557925
38033.0,37847.70807042491
38509.2,38750.00186520012
36388.8,36621.94643254091
39847.5,40343.553858469204
40319.4,30554.953000878275
39375.6,39514.44754403494
41439.2,40725.61868559197
40816.7,40837.20437993144
39579.3,39709.08794428071
39547.8,39990.13675871243
39357.8,39619.341021451655
42297.5,42118.237745623526
41490.9,41548.60446501152
37200.0,37119.83681687564
38924.9,39154.87542591522
3869.75,3871.284685104982
4204.2,4248.902583959717
37409.5,37275.48791973084
44087.7,44022.109084037635
41032.8,40641.765523644994
39722.4,40412.67884642461
43502.4,43484.77303623281
39911.4,40043.385565915574
43313.6,43152.02799485464
40059.0,40108.49518499801
3784.48,3808.9803848909423
43498.8,43396.285460772815
41787.2,41914.31008509065
36020.6,36608.4140950276
35604.4,36126.23875972224
39216.8,39708.84296517248
38745.6,38906.18665756314
39168.3,39472.32610115303
4114.44,4072.2920127892253
39760.6,39253.605176299665
41875.2,41897.67928993845
40424.4,40732.89674376864
42375.2,41784.13240429168
41597.5,41131.26089678086
3911.32,6879.311700112332
38580.0,39036.530010621085
38113.2,38001.94767165689
40352.2,40299.88164990174
37638.0,38034.059525171746
40090.0,39972.434477971154
39357.5,39929.09732424782
45172.4,44318.73599250006
41095.8,40384.44499685491
39427.0,39413.0425375408
37590.0,37754.561086748225
42287.8,42370.18000789761
41690.0,41679.796003270254
41677.2,41581.836859164054
44640.8,44635.1341676594
42735.0,42851.31745808434
38590.0,38715.0901293313
43115.8,42630.88337448433
44074.4,44210.74823854967
42489.6,42547.29163191281
39425.0,39338.2855726775
41205.5,41388.89676319397
40196.4,40338.81169031044
37633.2,37887.78103494765
38798.2,38905.507049429056
36666.0,36639.283341932154
4522.95,4502.955723485997
37771.5,38134.48961942675
39040.3,38860.24213409905
41580.0,41175.94251574499
39655.2,39269.7702774973
38078.9,38482.31362351089
38720.0,38984.2773440046
3943.51,3931.698770123846
41806.8,41974.08663287236
39941.1,39103.53422444101
4163.69,4156.933011704073
38567.2,38614.67639161039
39198.6,38952.278058599055
40333.2,40476.47092660384
39770.0,40376.91464337728
40619.2,41111.506238979266
43072.8,42803.322985558414
38115.0,38059.09717168256
42920.0,42916.47307684813
4393.8,4784.203739472638
40252.0,40081.98281314145
3943.42,3918.0628943953056
45796.2,45443.437191896555
41022.3,40949.3603005417
37469.7,37609.32481135299
37944.0,38231.58195732682
40838.1,40812.11283175897
4111.11,4136.672315776004
39113.4,38787.20917498175
40326.2,40165.2818692271
40509.9,40556.101285138604
39962.5,40040.29753056849
42098.0,41830.532591496245
41298.9,41019.293553177245
42504.8,42078.34341106008
38412.5,38635.22811649525
3971.21,13262.468169830754
41266.8,41521.08004571252
37802.4,38018.69554219827
4072.08,5774.412797413982
42270.8,41393.85742675131
36147.3,36493.32964069496
38346.3,38467.93606794448
37075.6,36976.1022326306
39895.8,39908.59428680137
36204.0,36104.849960010186
38016.0,38713.07654807661
39008.0,39015.95383488742
42479.4,42902.41481472285
41169.8,41548.697536197564
43117.8,43135.478533513386
41024.8,41217.776989808706
42886.0,42685.76006454152
41751.5,41805.66435127981
41137.5,41015.474802545104
38369.0,38654.55679239864
41623.4,41070.76932132401
43737.0,43847.92375834216
42088.8,42114.81738981752
39582.4,39396.22036761045
43200.2,42331.92912394242
37507.2,37635.9697475933
40519.7,40899.67255574873
39111.4,39482.99766739204
40404.0,40266.04596667351
37447.2,37330.63654158588
44304.3,44357.52135125875
37033.6,37341.64751984037
35305.2,35860.97810616447
38621.6,39077.27541752595
43848.0,43412.9248578384
41272.0,41522.88353856805
42960.4,43109.1803508764
41993.1,41289.00793418219
37984.8,37746.14374922838
35943.7,36216.286645104265
3712.87,3752.134032537854
41828.5,42070.00660990841
44244.9,44266.55594851477
43237.8,43924.728874547895
43243.2,43548.63337231336
42580.8,42190.46530703676
40929.9,40383.92499541916
4021.82,3979.948584417314
40015.0,39957.195336571596
36437.5,36702.68981497924
41412.0,41384.6897797181
40200.3,40069.99328157446
39069.6,39319.767829491735
38824.4,39379.79809147005
40185.0,40182.99679818019
37175.6,36943.614475354065
35284.2,35662.08222091319
41962.5,42453.19200834609
37592.8,38377.626825641586
40293.0,39690.8156437884
38430.0,38700.42902479802
38467.0,38576.84132243106
40565.4,40097.912395474275
37840.6,38129.615997142886
4297.2,4305.821625312168
38329.5,38454.34101250173
38774.8,38498.42182685424
3762.6,3789.9251764501964
37822.4,37519.91961608697
35935.1,35886.754921521766
37039.4,37094.81576930361
42806.4,42977.45899828021
40872.0,40573.45767125689
39803.4,40409.32525208087
41269.8,41146.89447826759
41258.7,41237.86046653683
37039.2,36961.758173523456
38272.0,38033.33477106955
39058.6,38837.02287423251
42566.2,42301.16130892001
36944.4,36667.504677329394
37497.2,37162.4982006485
39723.1,39402.28209227869
39131.9,39683.70120327234
36725.0,36379.822553505845
42252.4,42170.91538539587
41469.6,41841.36823592408
40073.4,40046.05958942919
42021.7,41243.68793549849
37776.0,37949.73522536079
4311.97,5446.171517221618
37824.5,37813.747657980755
43592.0,43839.91678676837
3923.08,3976.5974226787143
3835.01,3837.516299561914
38595.3,38254.35119839785
40418.8,40659.59342341361
3804.84,3778.869243997434
39596.7,39633.68412874499
37984.8,37863.574494844754
41386.8,41116.07034974154
38575.0,39048.96901614426
40053.2,39434.349715375916
40372.2,40776.931102811715
42942.0,42470.610162466786
42232.9,42361.57259671195
42804.0,42911.691699509196
37936.8,37551.027156843564
40544.5,40515.135859195834
41342.4,41446.73422714297
39410.0,39507.12199485255
43859.2,43772.96872020314
38854.2,38922.29721860574
39399.9,39167.77469765246
43082.5,42830.204746833304
4290.52,4218.001283888426
4015.7,4000.8428940757876
39271.5,39287.08833591185
43167.3,43071.72905372009
39402.0,39749.04182470042
38131.7,38374.08009728939
39648.0,39883.78409387729
4233.04,4262.944696106797
42962.4,42472.39499217732
43246.8,43144.353917336484
39772.7,39443.18039218216
4123.14,4200.1594519324
42873.0,43066.454181125046
40022.4,40092.44480104015
43276.8,42903.58579981832
39376.6,38985.67652892969
40971.3,40658.25320561173
38025.0,38235.40265511651
4020.0,21486.38759648365
40618.2,40843.42182499494
40459.5,40748.8695592591
40442.0,40384.45450277673
40683.2,40406.49013445407
3689.01,3756.9848013010946
38541.4,38883.288735963004
41239.0,41209.9641654415
38218.5,38874.94880795882
38562.4,38039.42346126868
3949.1,4001.1246300775347
39328.1,40211.37522039633
42127.5,42374.50527913904
38645.4,38553.158928394805
42966.0,43130.704014086994
37768.0,38205.28865304537
41127.2,41358.99025714255
40195.2,40236.989445105275
38960.0,38653.13880983179
39941.0,39560.53140006505
42524.3,42247.79303141605
36746.0,37368.52546793815
36405.6,36122.1752017626
36582.3,37403.7116597029
37397.8,36929.66901457979
43821.0,43684.08845834808
40318.0,40556.19834060516
37057.4,37442.10223018865
38082.8,37923.460684641344
42145.6,42182.302154138546
42621.2,42427.14920958431
41262.4,41245.67925441629
40789.8,40888.0405902639
41054.4,40957.31039072256
42746.0,42035.59989486184
42396.0,42345.08029755804
42413.0,42448.738575041934
39759.6,39603.33101870975
3975.12,4263.463517659097
41371.2,41143.55574736485
39824.4,39701.67834619343
35670.0,36037.15098885806
41655.0,41468.90167408756
39957.3,40482.69271161447
42362.4,42055.9204087533
35442.0,35900.592336974805
40359.6,40796.436519245384
40774.5,40580.02560166669
40411.6,40081.29520565134
38851.2,39000.859100363705
37090.4,36763.549436509675
41719.8,41639.48056469832
39336.0,39256.507100425304
38869.2,38915.539253530886
36936.0,37112.10462807566
41850.0,41574.33893193945
39184.0,38982.22466250274
40827.8,41478.012556941074
40383.2,40199.5099581956
41187.9,40865.67479555894
36247.5,36668.97684577976
42702.0,43013.000830008445
41478.0,41154.148180090786
39459.1,39459.59225554929
42107.8,42355.772728103104
37443.6,37820.36146046573
40762.4,40564.40202400396
37892.4,37100.661254391474
37990.5,38337.248539086475
39043.2,39082.9318057246
37436.0,37686.187567960085
41719.5,41639.34156932585
44646.9,44696.21810848871
41465.6,41780.75910983265
42643.6,42391.45174125843
3935.84,3885.979400160215
4342.14,4297.081016162716
43152.0,43229.675585442244
3936.02,3968.271039728468
43213.5,42614.42458146871
38531.8,38547.55205982167
37508.4,37453.29587407895
43230.0,43168.668517231
4013.02,4011.7548205384433
4000.15,4037.603028489761
41147.4,41251.23275284903
43632.0,43688.377907538044
38142.4,38133.32916801924
41191.0,41525.522843470964
3926.4,3948.732020192503
42985.6,42934.28533652223
42174.0,42040.525215374604
40054.8,39841.53195379615
41827.5,42083.19229602206
41072.5,41454.757431861966
4077.2,16618.39450105495
36580.5,37038.94407319537
40768.0,40709.01963424737
37524.2,37312.05738512792
39605.0,39962.75131685625
44706.4,44883.08234111685
41351.2,41723.50656105627
41140.0,41297.11630502117
41275.0,40970.96231117074
39568.0,39987.198535733296
41408.1,41249.1788161724
40383.0,40626.88590890786
39489.8,39811.370627134194
43821.6,43543.214774756154
42375.6,42484.2742221747
3750.18,3785.2873994110914
41277.6,40875.95010515478
36452.7,36766.581553934906
4303.47,5254.452084616492
42696.0,42430.91496367161
40836.2,40669.38023977475
41546.7,41337.187151096834
42052.5,42119.10547863992
35743.5,36233.561532642525
35802.0,35471.32231942342
41298.4,41345.05231141367
41695.5,41903.839205981145
42493.5,42247.49122561358
42396.4,42019.67211654902
37356.0,36923.36064910917
39839.5,39553.5997905942
38915.0,38857.18157800023
39780.0,39435.87328541139
38362.5,37668.656194316354
41481.0,41289.64328871967
41716.8,41687.46193759786
37359.0,37493.25952563255
40299.6,40569.213308081475
40761.0,41112.42204371462
3976.8,3961.4392268749402
36444.0,36543.749459408216
41495.3,41333.399793859244
41403.6,41337.038007225914
38367.0,37949.12992529053
38397.4,38458.02066721977
40175.6,39994.607422939785
36745.8,37061.62472666991
39199.6,39097.04853265338
40541.6,40947.86276573427
39110.4,39022.40149080239
39997.6,40183.49332844422
40852.6,41153.84996067371
41065.2,41103.24654619152
40325.4,39943.34712848028
41044.7,40882.83988165588
3867.85,3954.022468903741
36652.0,37262.84726706904
39348.0,39675.431129655495
4467.0,4453.400577131324
39106.9,39729.997251122135
45557.6,44810.83742130037
41886.3,41874.15241071715
41424.8,40865.56223119032
37128.0,36812.66368118179
3914.4,3896.358649596804
39894.2,39902.55209188745
39460.7,39775.84457698508
42194.0,42553.21117600359
42850.5,42561.550120831984
41952.6,41897.85057772926
40544.0,40034.125821159214
39459.6,39222.69357557584
41017.2,40931.092848198
42016.0,41986.31653439542
40924.8,41253.64688082293
39747.6,39796.207886234566
41325.3,41277.71292129016
39186.5,39595.02089401382
42194.9,42061.03073929513
36187.9,36374.513901058745
43483.0,43667.21221100046
39902.4,39466.28733291371
43494.5,42865.18253990942
40847.4,40451.374061754206
44477.1,44081.159491106046
41409.8,41710.252136761985
43920.8,43576.67096144837
41011.5,41205.75494872418
41283.2,40715.586060103706
42019.2,41568.61425739349
41671.3,25449.525234448993
38493.0,38576.26395463483
44814.0,45138.63733595805
43431.3,43670.900780435884
40968.0,40456.053843980844
42484.0,42155.79749962533
40747.2,40152.130922052995
43886.4,42986.96039269482
37521.0,37500.92348150566
39780.0,40042.22927534919
42045.4,40798.22706649337
40871.6,40972.67232218887
38763.9,38877.51131137469
38710.0,38966.98002539516
41034.3,41334.86594099741
39132.0,39306.946830010595
45562.5,45099.559161486184
4607.13,4532.9997678357395
42412.5,42107.485547720324
38140.2,38130.390688165826
38087.7,38495.1236411979
36211.2,35841.68978924199
37840.0,38165.857365347205
39084.2,38688.986619376854
36864.0,37089.80187720932
41415.0,40836.53353972795
42498.5,42502.384205600334
37367.4,36951.84493456013
40183.5,39844.554208704634
39811.2,40046.46542324286
41345.8,40984.82292560694
40733.4,40317.73466424861
3997.95,4011.6837243248724
4206.45,4251.8941777577165
4242.42,4270.663802431234
44412.5,44151.00654953021
40109.6,40514.99962253523
4159.75,4161.31961240925
43434.3,43255.86192743533
42091.8,42152.521232861975
39198.3,39568.230710192045
38962.8,38894.13230831038
38067.9,38060.494234337646
43173.9,43039.57863020908
4080.75,4029.4422094851125
4180.95,4144.083976644924
35520.5,35622.47207219492
40298.5,40213.16829412712
36225.0,36248.33300790875
40956.3,41344.066063436396
41442.8,41205.93457445293
40850.0,41371.873456163245
38683.5,38981.031046348304
41347.5,41107.53520471195
41461.2,41772.388827796574
39097.5,38991.374415224906
41107.0,41329.526168208366
40042.8,40359.95626686994
43900.2,43730.44186266229
4167.1,4732.418940472044
45588.6,45388.548339265464
39869.6,39943.85747432087
4051.1,4080.9730489489934
39338.4,39921.793457332555
38676.5,38651.0570180393
4446.2,33608.69352031437
3742.2,3775.4776001138544
42908.8,43146.49449130171
4088.37,4028.3093747180073
39887.5,39827.68081808022
42641.2,42167.45662532711
40880.0,40923.63577411212
40497.6,40598.62956784113
41475.1,41417.06273453037
3847.2,3949.55143561734
39002.7,39691.58419366655
4432.69,4344.120483312181
42300.0,42089.54704338903
40906.0,41152.40467461897
4329.15,4291.286455645043
39139.2,39032.70675287691
40184.9,40175.32556122614
39614.4,39513.12105273238
42544.8,42325.60427438454
41088.0,40922.38453925367
41632.8,41642.39856487494
37188.2,37507.08970641014
43288.0,43561.01911003194
39211.9,39279.68458883049
3990.5,4011.8681043918828
38992.0,38781.521158928816
37683.8,38039.74523035977
38532.0,38550.84304573276
37270.8,37684.02141311153
3781.8,3845.5988983817874
3862.6,3843.0319184131686
37728.9,37762.71153135768
41889.5,42133.06874910151
42311.4,41819.76697111644
39627.0,39660.85241134449
40823.7,29256.06289722246
41396.0,41601.682632453885
38894.3,38981.988342542754
38172.8,37866.66933171216
40041.0,39824.71074283797
40611.9,40354.2598868768
38537.5,38492.22281669064
39376.2,39579.49836322927
42549.3,42841.69375262008
44289.0,44137.52283000871
40168.8,40351.26245062581
41160.8,41469.92750589965
37818.4,37674.160855033006
38676.5,38765.602981209675
39819.2,39461.142032752185
4076.6,4038.8485729340105
40865.2,41141.021155381146
39204.0,39366.20053087261
